Dia/Mês,Data_comemorativa
Janeiro,Janeiro
01/01,Dia da Fraternidade Universal
01/01,Dia do Mercosul
02/01,Dia de São Macário
03/01,Dia do Juiz de Menores
03/01,Día del Fotógrafo Iberoamericano
04/01,Dia Nacional da Abreugrafia
04/01,Dia do Hemofílico
04/01,Dia de Santa Ângela
05/01,Dia de São Nepomuceno Neumann
06/01,Dia da Gratidão
06/01,Dia do Mensageiro
06/01,Dia dos Reis Magos
06/01,Dia dos Astrólogos
07/01,Dia do Leitor
07/01,Dia da Liberdade de Cultos
08/01,Dia Nacional da Fotografia
09/01,Dia do Astronauta
10/01,Dia de São Gonçalo
10/01,Peculiar People Day
11/01,Dia de São Teodósio
11/01,Dia do Controle da Poluição por Agrotóxicos
12/01,Dia de São Fulgêncio
12/01,Aniversário da Cidade de Belém - PA
12/01,Dia Nacional do Empresário Contábil
13/01,Dia de Santo Hilário de Poitiers
14/01,Dia Mundial dos Enfermos
14/01,Dia do Treinador de Futebol
14/01,International Beatles Freak Day
15/01,Dia Mundial do Compositor
16/01,Dia do Cortador de Cana-de-Açúcar
17/01,Dia dos Tribunais de Contas do Brasil
17/01,Dia de Santo Antão Abade
18/01,Dia Internacional do Riso
18/01,Dia Nacional do Krav Maga
19/01,Dia de São Canuto
19/01,Dia Oficial do Cabelereiro (também comemorado em 06/09)
19/01,Dia do Passista
20/01,Dia do Farmacêutico
20/01,Dia de São Sebastião
20/01,Dia Nacional da Parteira Tradicional
20/01,Dia Nacional do Fusca
21/01,Dia Mundial das Religiões
21/01,Dia Nacional de Combate à Intolerância Religiosa
22/01,Dia do Senado
23/01,Dia de Santo Ildefonso
23/01,Dia Mundial de Combate à Hanseníase em 2022
24/01,Dia Nacional do Aposentado
24/01,Dia Nacional da Previdência Social
25/01,Dia do Carteiro
25/01,Dia do Mercador
25/01,Aniversário da Cidade de São Paulo
25/01,Dia Nacional da Bossa Nova
26/01,Dia de São Timóteo
27/01,Dia do Orador
27/01,Dia Internacional em Memória das Vítimas do Holocausto
28/01,Dia do Comércio Exterior
28/01,Dia do Portuário
28/01,Dia de Santo Tomás de Aquino
28/01,Dia Nacional de Combate ao Trabalho Escravo
29/01,Dia da Hospitalidade
29/01,Dia do Jornalista Católico
29/01,Dia Nacional da Visibilidade Trans
30/01,Dia da Não-Violência e da Paz
30/01,Dia da Saudade
30/01,Dia da Ginástica Olímpica
30/01,Dia Nacional das Histórias em Quadrinhos
31/01,Dia Mundial da Solidariedade
31/01,Dia Mundial do Mágico
31/01,Dia de São João Bosco
31/01,Dia Nacional das Reservas Particulares do Patrimônio Natural
Fevereiro,Fevereiro
01/02,Dia do Publicitário
01/02,Dia do Eletricitário Gaúcho
01/02,Dia Mundial de Mudar sua Senha
01/02,Dia do Herói da Polícia Civil (SP)
01/02,Dia Mundial do Hijab (World Hijab Day)
01/02,Follow a Museum Day
02/02,Dia do Agente Fiscal
02/02,Dia Mundial das Zonas Úmidas
02/02,Dia de Iemanjá
02/02,Dia Mundial da Vida Consagrada
03/02,Dia de São Brás
03/02,Dia da Aviação de Asas Rotativas
03/02,Dia do Beisebol (SP)
04/02,Dia de São João de Brito
04/02,Dia Mundial do Câncer
05/02,Dia da Papiloscopia
05/02,Dia de Santa Ágata
05/02,Dia do Dermatologista
05/02,Dia Nacional da Mamografia
05/02,Dia do Educador Penitenciário (AP)
05/02,Dia Mundial da Nutella
06/02,Dia do Agente de Defesa Ambiental
06/02,Dia Internacional da Tolerância Zero à Mutilação Genital Feminina
06/02,Dia da Aliança Batista Mundial em 2022
07/02,Dia Nacional do Gráfico
08/02,Dia de São Jerônimo Emiliano
08/02,Dia do Quadro do Magistério do Exército
08/02,Dia Estadual do Empreendedor Individual (PE)
09/02,Dia de São Miguel Febres
10/02,Dia de Santa Escolástica
10/02,Dia Estadual da Literatura (AP)
10/02,Dia do Agente de Atividades Penitenciárias (DF)
10/02,National Cream Cheese Brownie Day
11/02,Dia de Nossa Senhora de Lourdes
11/02,Dia do Campeiro (RS)
11/02,Dia do Caminho da Fé (SP)
11/02,Dia do Zelador
11/02,Dia Mundial do Doente
12/02,Dia de Santa Eulália
12/02,Dia do Empregado em Edifícios de São Paulo
12/02,Dia Internacional contra o Uso de Crianças-Soldado
13/02,Dia do Serviço de Assistência Religiosa do Exército
13/02,Dia dos Solteiros
13/02,Dia do Procurador do Estado da Paraíba
13/02,World Radio Day
14/02,Dia de São Valentim
14/02,Dia de São Cirilo
14/02,Dia do Botonista (SP)
14/02,European Epilepsy Day em 2022
15/02,Dia de São Cláudio de La Colombiére
15/02,Dia Internacional do Combate ao Câncer Infantil
16/02,Dia Nacional do Repórter
16/02,Dia Estadual de Luta Contra a Poluição Atmosférica (ES)
17/02,Dia dos Sete Fundadores da Ordem dos Servitas
17/02,Dia Estadual da Renovação Carismática Católica (GO)
17/02,Dia Mundial da Espiritualidade Humana (World Human Spirit Day)
17/02,Día del Grito de Libertad Andaluz
17/02,Dia do Gato (também comemorado em 08/08)
18/02,Dia de Santa Bernardete Soubirous
18/02,Dia Estadual do Surfe e dos Surfistas (SC)
18/02,Dia do Líder Comunitário (AC)
18/02,Dia Catarinense da Yôga
18/02,Dia do Ensino Médio no Brasil
18/02,Dia Internacional da Síndrome de Asperger
18/02,Día de la Mujer de las Américas
19/02,Dia do Esporte
20/02,Dia de Santo Eleutério
20/02,International Pipe Smoking Day
21/02,Dia da Tomada de Monte Castelo pela FEB
21/02,Dia Nacional do Naturismo
21/02,Dia Internacional da Língua Materna
21/02,Dia Nacional do Imigrante Italiano
21/02,Dia de São Pedro Damião
22/02,Dia de Cátedra de São Pedro Apóstolo.
22/02,Dia dos Arautos do Evangelho (SP)
22/02,Dia Internacional do Maçom
22/02,European Day for Victims of Crime
23/02,Dia Nacional do Rotariano
23/02,Dia do Surdo-Mudo
24/02,Dia de São Sérgio
24/02,Dia da Conquista do Voto Feminino no Brasil
24/02,Dia Municipal da Defesa Civil - SP
25/02,Dia de São Tarásio
26/02,Dia de Santo Alexandre
26/02,Dia do Comediante
27/02,Dia Nacional do Livro Didático
27/02,Dia do Agente Fiscal da Receita Federal
27/02,Domingo de Carnaval em 2022
28/02,Dia de São Leandro
28/02,Dia Internacional de Combate e Prevenção às LER/DORT
28/02,Dia Estadual da Cultura de Bois (PE)
28/02,Dia da Ressaca
28/02,Día de Andalucía
Março,Março
01/03,Aniversário da cidade do Rio de Janeiro
01/03,Dia da Criança Doente
01/03,Dia do Turismo Ecológico
01/03,Dia de ser carioca
01/03,Carnaval em 2022
02/03,Dia Nacional do Turismo
02/03,Dia da Vindima (Colheita de Uvas)
02/03,Dia de Santa Maria (DF)
02/03,International Rescue Cat Day
02/03,Quarta-feira de cinzas (início da quaresma) em 2022
03/03,Dia Nacional do Meteorologista
03/03,Dia do Seringueiro
03/03,Dia dos Intendentes da Marinha
03/03,"Dia dos Dirigentes das Soc. Desportivas, Culturais e Assistenciais"
03/03,Dia Mundial da Vida Silvestre
04/03,Dia de São Casimiro
05/03,Dia do Filatelista Brasileiro
05/03,Dia da Integração Cooperativista
05/03,Dia de São Teófilo
06/03,Dia de Santa Rosa de Viterbo
06/03,Dia Mundial da Oreo
06/03,Dia da Esposa do Pastor em 2022
07/03,Dia Mundial da Prece
07/03,Dia do Fuzileiro Naval
08/03,Dia Internacional da Mulher
08/03,Dia de São Patrício
09/03,Dia de Santa Francisca Romana
09/03,Dia Internacional do DJ - World DJ Day
10/03,Dia do Sogro
10/03,Dia do Telefone
10/03,Dia Estadual do Assistente de Educação (SC)
10/03,Dia da Mobilização Contra o Aquecimento Global (CE)
10/03,Dia do Missionário Evangélico (PE)
10/03,Dia das Associações de Moradores (RJ)
10/03,Middle Name Pride Day
10/03,National Mario Day
10/03,Dia Mundial de Combate ao Sedentarismo
10/03,Dia mundial do rim em 2022
11/03,Dia de Santa Flora
11/03,Dia do Motociclista (SP)
11/03,Johnny Appleseed Day
12/03,Dia do Bibliotecário
12/03,National Alfred Hitchcock Day
12/03,Dia de Combate à Dengue (CE) em 2022
13/03,Dia Estadual da Caridade Irmã Dulce - BA
13/03,Dia do Conservacionismo
13/03,Dia da Prevenção à Doença Renal (PR)
13/03,Dia Mundial do Rotaract
14/03,Dia Mundial da Poesia
14/03,Dia Mundial da Incontinência Urinária
14/03,Dia do Vendedor de Livros
14/03,Dia dos Carecas
14/03,Dia do Pi
15/03,Dia Internacional da Defesa do Consumidor
15/03,Dia Estadual de Combate ao Fumo (PB)
15/03,Dia do Voluntário (RJ)
15/03,International Day of Protest against the Canadian Seal Hunt
16/03,Dia de Santa Luísa de Marillac
16/03,Dia Nacional do Ouvidor
16/03,Dia do Agente Penitenciário Federal
16/03,Dia da Bandeira do Estado do Paraná
17/03,Dia de São Patrício
17/03,Dia Estadual da Bacia Hidrográfica do Rio dos Sinos (RS)
18/03,Dia de São Cirilo de Jerusalém
18/03,Dia do DeMolay
18/03,Dia da Imigração Judaica
18/03,Dia Mundial do Sono em 2022
19/03,Dia da Escola
19/03,Dia dos Moribundos
19/03,Dia Mundial do Artesão
19/03,Dia do Carpinteiro
19/03,Dia de São José
20/03,Dia de Santo Ambrósio de Sena
20/03,Dia Mundial da Felicidade
20/03,Dia Mundial Sem Carne (Meat Out Day)
20/03,Dia Internacional do Contador de Histórias
20/03,Dia Nacional de Atenção à Disfagia
21/03,Dia Mundial da Infância
21/03,Dia Internacional da Síndrome de Down
21/03,Día Internacional da Eliminação da Discriminação Racial
21/03,Dia da Memória e do Compromisso (Itália)
21/03,Início do outono no hemisfério sul
21/03,Início da primavera no hemisfério norte
22/03,Dia Mundial da Água
22/03,Dia do Rio Sorocaba
22/03,Dia Estadual de Defesa do Rio Paraíba do Sul (RJ)
23/03,Dia Mundial do Meteorologista
23/03,Aniversário da Cidade de Florianópolis
23/03,Dia do Naturólogo (SC)
23/03,Dia do Agronegócio (MT)
24/03,Dia Mundial de Combate à Tuberculose
24/03,Dia Internacional do Direito à Verdade
25/03,Dia do Especialista em Aeronáutica
25/03,Dia da Anunciação do Senhor
25/03,Data Magna do Ceará
26/03,Dia do Cacau
26/03,Dia Mundial da Conscientização da Epilepsia - Purple Day
26/03,Hora do Planeta em 2022
27/03,Dia do Ator
27/03,Dia do Cinema Gaúcho
27/03,Dia da Casa Editora Presbiteriana
27/03,Dia Estadual da Cultura Cristã (PE)
27/03,Dia da Inclusão Digital e Social
27/03,Dia Mundial do Circo
28/03,Dia do Diagramador
28/03,Dia do Revisor
28/03,Dia das Comunicações Navais
29/03,Dia de São Constantino
29/03,Dia Estadual das Micro e Pequenas Empresas (SC)
30/03,Dia da Anestesia Geral
30/03,Dia Mundial do Transtorno Bipolar
30/03,Dia do Futebol Society
30/03,Dia do Marco da Paz (SP)
31/03,Dia da Integração Nacional
31/03,Dia do Espiritualismo Moderno
31/03,Dia da Saúde e Nutrição
Abril,Abril
01/04,Dia da Mentira
01/04,Dia do Tomate
02/04,Dia Mundial do Livro Infanto-Juvenil
02/04,Dia Mundial da Consciencialização do Autismo
02/04,Dia de São Francisco de Paula
02/04,Día del Veterano y de los Caídos en la Guerra de Malvinas
03/04,Dia de São Ricardo
03/04,Dia da Verdade
03/04,Dia do Atuário
03/04,Dia do Desporto Comunitário
04/04,Dia Nacional do Parkinsoniano
04/04,Dia do Colorado (RS)
04/04,Dia de São Pedro de Poitiers
05/04,Dia de São Vicente Ferrer
05/04,Dia de Luta Contra a Criminalização dos Movimentos Sociais (SP)
05/04,Palestinian Children Day
06/04,Dia da Bem-Aventurada Pierina Morosini
06/04,Dia de Mobilização pela Promoção da Saúde e Qualidade de Vida
07/04,Dia do Corretor
07/04,Dia do Médico Legista
07/04,Dia Mundial da Saúde
07/04,Dia Nacional do Jornalista
08/04,Dia Mundial de Combate ao Câncer
08/04,Dia da Natação
08/04,Dia Nacional do Sistema Braille
09/04,Dia Nacional do Aço
09/04,Dia da Biblioteca
10/04,Dia da Engenharia
10/04,Domingo de Ramos em 2022
11/04,Dia da Escola de Samba
11/04,Dia Mundial da Doença de Parkinson
12/04,Dia do Médico Obstetra
12/04,Dia Nacional do Humorista
12/04,Dia do Corpo de Engenheiros da Marinha
13/04,Aniversário da cidade de Fortaleza - CE
13/04,Dia do Jovem
13/04,Dia do Beijo
13/04,Dia do Office Boy
14/04,Dia das Américas
14/04,Dia Mundial do Café
14/04,Dia do Cafeicultor (ES)
14/04,Dia Nacional do Médico Neurocirurgião
15/04,Dia Mundial do Desenhista
15/04,Dia Mundial da Conservação do Solo
15/04,Dia do Desarmamento Infantil
15/04,Sexta-feira da Paixão em 2022
16/04,Dia Nacional do Lions Clube
16/04,Dia Nacional da Voz
16/04,Sábado de Aleluia em 2022
17/04,Dia de Santo Aniceto
17/04,Dia Nacional da Botânica
17/04,Dia Internacional das Lutas Camponesas
17/04,Dia Nacional de Luta pela Reforma Agrária
17/04,Dia do Orador (CE)
17/04,Dia do Judô (SP)
17/04,Dia Mundial do Hemofílico
17/04,Páscoa em 2022
18/04,Dia Nacional do Livro Infantil
18/04,Dia Internacional dos Monumentos e Sítios
18/04,Dia dos Espíritas
18/04,Dia Mundial do Radioamador
19/04,Dia Nacional do Índio
19/04,Dia do Exército Brasileiro
19/04,Dia de Santo Expedito
19/04,Dia Mundial da Bicicleta
20/04,Dia do Diplomata
20/04,Dia do Disco
21/04,Dia do Metalúrgico
21/04,Tiradentes
21/04,Dia da Latinidade
21/04,Dia da Polícia Civil
21/04,World Creativity and Innovation Day
22/04,Dia Nacional do Agente de Viagem
22/04,Dia da Aviação de Caça
22/04,Dia da Comunidade Luso-Brasileira
22/04,Dia do Planeta Terra
22/04,Descobrimento do Brasil
22/04,Dia da Tontura
23/04,Dia Mundial do Escoteiro
23/04,Dia de São Jorge
23/04,Dia Internacional do Livro
23/04,Dia Nacional do Choro
24/04,Dia do Penitenciário
24/04,Dia Internacional do Jovem Trabalhador
24/04,Dia Mundial de Combate à Meningite
24/04,Dia Nacional da Língua Brasileira de Sinais (Libras)
24/04,Dia da Escola Dominical em 2022
25/04,Dia da Contabilidade
25/04,Dia Nacional do Despachante Aduaneiro
25/04,Dia da Araucária (SP)
25/04,Dia Mundial da Malária
25/04,Dia da Liberdade em Portugal
25/04,Dia do DNA
26/04,Dia do Engraxate
26/04,Dia do Goleiro
26/04,Dia do Juiz da Justiça do Trabalho
26/04,Dia Nacional de Prevenção e Combate a Hipertensão
27/04,Dia da Empregada Doméstica
27/04,Dia de Santa Zita
27/04,Dia Internacional da Anta
27/04,Dia Mundial do Design Gráfico - World Graphics Day
27/04,Dia da Liberdade na África do Sul
28/04,Dia da Educação
28/04,Dia da Sogra
28/04,Dia Mundial da Segurança e Saúde no Trabalho
28/04,Dia Nacional da Caatinga
28/04,Dia de Combate ao Acidente de Trabalho (AP)
29/04,Dia de Santa Catarina de Sena
29/04,Dia Mundial da Dança
29/04,Dia do Crítico Teatral
30/04,Dia Nacional da Mulher
30/04,Dia Nacional do Ferroviário
30/04,Dia de São Pio V
30/04,Dia Internacional do Jazz
30/04,Dia da Vocação Concepcionista
30/04,Dia Mundial da Medicina Veterinária em 2022
Maio,Maio
01/05,Dia do Trabalho
01/05,Dia Mundial do Combate ao Câncer de Pele
01/05,Dia da Literatura Brasileira
01/05,Dia de São José Operário
01/05,Dia Batista de Ação Social em 2022
02/05,Dia de Santo Atanásio
02/05,Dia Estadual da Saúde Mental - PR
03/05,Dia Mundial da Liberdade de Imprensa
03/05,Dia do Legislador
03/05,Dia do Sertanejo
03/05,Dia Nacional do Pau-Brasil
03/05,Dia Estadual de Combate à Violência (PE)
03/05,Dia Estadual da Imigração Polonesa (SC)
03/05,Dia Mundial do Sol
03/05,Dia mundial de combate à asma em 2022
04/05,Dia de São Floriano
04/05,Dia de Star Wars - Star Wars Day
04/05,Dia Internacional do Combatente de Incêndios Florestais
05/05,Dia do Pintor
05/05,Dia da Arma de Comunicações (Exército)
05/05,Dia Nacional das Comunicações
05/05,Dia Internacional da Parteira
05/05,Dia Mundial da Higienização das Mãos
05/05,Dia da Língua Portuguesa
06/05,Dia do Cartógrafo
06/05,Dia do Instrumentador Cirúrgico
06/05,Dia Nacional da Matemática
07/05,Dia do Médico Oftalmologista
07/05,Dia Nacional de Prevenção da Alergia
08/05,Dia do Artista Plástico
08/05,Dia do Profissional de Marketing
08/05,Dia Nacional de Luta contra a Endometriose
08/05,Dia Nacional das Hemoglobinopatias
08/05,Día del Son Cubano
08/05,Dia das mães em 2022
08/05,Dia do Aniversário do Buda Shakyamuni em 2022
09/05,Dia da Europa
09/05,Dia Nacional do Empregado Sindical
10/05,Dia do Campo
10/05,Dia da Cavalaria
10/05,Dia Mundial do Lúpus
10/05,Dia da Cozinheira
11/05,Dia de Santa Maria Bertilla Boscardin
11/05,Dia Nacional do Frei SantAnna Galvão
11/05,Dia Nacional do Reggae
11/05,Dia Estadual da Construção Civil (SC)
11/05,Dia do Empreendedorismo (DF)
12/05,Dia Internacional da Enfermagem
12/05,Dia Mundial da Fibromialgia
13/05,Dia de Nossa Senhora de Fátima
13/05,Dia do Automóvel
13/05,Dia da Estrada de Rodagem
13/05,Dia da Fraternidade Brasileira
13/05,Dia do Preto Velho
13/05,Dia do Bairro do Méier - Rio de Janeiro
14/05,Dia do PX
14/05,Dia do Segurado
14/05,Dia de São Matias
14/05,Dia da Habitação (PR)
15/05,Dia da Assistência Social
15/05,Dia do Gerente de Banco
15/05,Dia Internacional do Serviço de Informações Aeronáuticas
15/05,Dia de Santo Isidoro
15/05,Dia Internacional da Latinidade
15/05,Dia Internacional da Família
15/05,Dia do Armamentista
16/05,Dia do Gari
16/05,Dia Estadual da Imigração Suíça (RJ)
17/05,Dia Mundial das Comunicações
17/05,Dia do Trabalhador Rural Volante
17/05,Dia da Tecnologia da Informação (RJ)
17/05,Dia Mundial da Internet
17/05,Dia Internacional contra a Homofobia
17/05,Dia Mundial da Reciclagem
18/05,Dia da Boa Vontade
18/05,Dia Internacional dos Museus
18/05,Dia Nacional da Luta Antimanicomial
18/05,Dia de Combate à Exploração Sexual Contra Crianças e Adolescentes
18/05,Dia do Vidreiro
19/05,Dia de Santo Ivo
19/05,Dia dos Acadêmicos do Direito
19/05,Dia da Conscientização para Doação de Leite Humano (SP)
19/05,Dia Mundial de Doação de Leite Humano
19/05,Dia Nacional da Defensoria Pública
19/05,Dia do Físico
20/05,Dia de São Bernardino de Sena
20/05,Dia do Comissário de Menores
20/05,Dia do Otimismo
20/05,Dia Nacional do Auxiliar e Técnico de Enfermagem
21/05,Dia da Língua Nacional
21/05,Dia Estadual da Cachaça (MG)
21/05,Dia Mundial para o Desenvolvimento Cultural
22/05,Dia do Apicultor
22/05,Dia Internacional da Biodiversidade
22/05,Dia de Santa Rita de Cássia
22/05,Dia do Abraço
22/05,Dia da Comunicação Batista em 2022
23/05,Dia Mundial da Comunicação Social
24/05,Dia do Vestibulando
24/05,Dia Nacional do Milho
24/05,Dia do Datilógrafo
24/05,Dia Nacional do Café
24/05,Dia do Cafeicultor
24/05,Dia da Arma de Infantaria
25/05,Dia da Indústria
25/05,Dia internacional da Criança Desaparecida
25/05,Dia da Costureira
25/05,Dia do Trabalhador Rural
25/05,Dia do Trabalhador Industrial
25/05,Dia do Orgulho Nerd
25/05,Dia da Toalha (homenagem ao escritor Douglas Adams)
25/05,Dia da Liberdade de Impostos
25/05,Dia Internacional da Tireoide
25/05,Dia Internacional do Sapateado
25/05,Dia Nacional de Adoção
25/05,Dia mundial do desafio em 2022
25/05,Dia mundial da Esclerose Múltipla em 2022
25/05,Dia Nacional do Censo Escolar em 2022
26/05,Dia do Revendedor Lotérico
26/05,Dia Nacional de Combate ao Glaucoma
26/05,Dia de São Filipe Néri
26/05,Dia da Conscientização sobre a Hanseníase (PR)
26/05,Dia de Nossa Senhora de Caravaggio (SC)
27/05,Dia do Profissional Liberal
27/05,Dia Nacional da Mata Atlântica
28/05,Dia do Ceramista
28/05,Dia Nacional e Internacional de Redução da Mortalidade Materna
29/05,Dia do Estatístico
29/05,Dia do Geógrafo
29/05,Dia Internacional dos Mantenedores da Paz das Nações Unidas
29/05,Dia do Sociólogo
29/05,Dia Mundial da Energia
30/05,Dia das Bandeirantes
30/05,Dia do Geólogo
30/05,Dia da Decoração
30/05,Dia do Movimento das Donas de Casa e dos Consumidores (RS)
31/05,Dia Internacional da Aeromoça
31/05,Dia Mundial sem Tabaco
31/05,Dia da Juventude Luterana do Brasil
31/05,Dia de Frei Damião (PE)
Junho,Junho
01/06,Dia Internacional da Criança
01/06,Dia do Carroceiro (PI)
02/06,Dia da Comunidade Italiana - SP
02/06,Dia internacional da Prostituta
03/06,Dia do Divino
03/06,Dia do Profissional de Recursos Humanos
04/06,Dia Internacional das Crianças Inocentes Vitimas de Agressão
05/06,Dia Internacional da Ecologia
05/06,Dia do Pedestre (SP)
05/06,Início da Semana Estadual da Carona Solidária (CE)
05/06,Dia do Homem Batista em 2022
05/06,Pentecostes em 2022
06/06,Dia Nacional do Teste do Pezinho
06/06,Dia de São Norberto
06/06,International Beatles Fan Day
07/06,Dia Nacional da Liberdade de Imprensa
07/06,Dia Nacional dos Catadores de Materiais Recicláveis
07/06,Dia Mundial da Segurança dos Alimentos
08/06,Dia do Citricultor
08/06,Dia Mundial dos Oceanos
09/06,Dia do Pão
09/06,Dia do Porteiro
09/06,Dia Internacional do Tenista
10/06,Dia da Língua Portuguesa
10/06,Dia de Portugal
11/06,Dia da Marinha Brasileira
11/06,Dia do Educador Sanitário
11/06,Dia de São Barnabé
12/06,Dia dos Namorados
12/06,Dia do Correio Aéreo Nacional
12/06,Dia da Aviação de Transporte
12/06,Dia Internacional de Combate ao Trabalho Infantil
12/06,Dia da Consciência da Cardiopatia Congênita (CE)
12/06,Dia do Pastor em 2022
13/06,Dia Nacional do Turista
13/06,Dia de Santo Antônio
13/06,Dia Internacional do Albino - International Albinism Awareness Day
14/06,Dia Universal de Deus
14/06,Dia de Santo Eliseu
14/06,Dia da Manicure (SP)
15/06,Dia do Paleontólogo
15/06,Dia Mundial da Energia Eólica
15/06,Dia Mundial de Conscientização da Violência Contra a Pessoa Idosa
16/06,Dia da Unidade Nacional
16/06,Dia Internacional da Tartaruga Marinha
16/06,Corpus Christi em 2022
17/06,Dia de São Manuel
17/06,Dia Mundial do Combate a Seca e Desertificação
17/06,Dia da Medicina Veterinária no Exército Brasileiro
18/06,Dia do Imigrante Japonês
18/06,Dia do Químico
19/06,Dia do Cinema Nacional
20/06,Dia Mundial do Refugiado
20/06,Dia do Revendedor
20/06,Dia de São Adalberto
21/06,Dia do Intelectual
21/06,Dia Nacional do Combate à Asma
21/06,Dia da Juventude Católica
21/06,Dia Internacional da Ioga
21/06,Início do inverno no hemisfério sul
21/06,Início do verão no hemisfério norte
22/06,Dia do Aeroviário
23/06,Dia do Atleta Olímpico
23/06,Dia do Lavrador
23/06,Dia Nacional do Agente Marítimo
23/06,Dia do Desporto
24/06,Dia do Caboclo
24/06,Dia de São João
24/06,Dia da Aviação de Reconhecimento
24/06,Dia Internacional do Leite
25/06,Dia do Quilo
25/06,Dia do Imigrante
25/06,Dia Mundial do Vitiligo
26/06,Dia de São Vigílio
26/06,Dia Nacional e Internacional de Combate às Drogas
26/06,Dia do Missionário Batista
26/06,Dia do Professor de Geografia
27/06,Dia do Artista Lírico
27/06,Dia Nacional do Vôlei
27/06,Dia Estadual do Quadrilheiro Junino (PE)
28/06,Dia de Santo Irineu
28/06,Dia Internacional do Orgulho Gay
29/06,Dia da Telefonista
29/06,Dia do Pescador
29/06,Dia de São Pedro
29/06,Dia do Chaveiro
30/06,Dia do Caminhoneiro
30/06,Dia Estadual do Resgate das Crianças Desaparecidas (PR)
30/06,Dia dos Primeiros Mártires da Igreja de Roma
30/06,Dia Internacional dos Asteroides
Julho,Julho
01/07,Dia da Vacina BCG
02/07,Dia Nacional dos Hospitais
02/07,Dia do Bombeiro Brasileiro
02/07,Independência da Bahia
02/07,Dia internacional do cooperativismo em 2022
03/07,Dia de São Tomé
03/07,Dia dos Incrédulos
03/07,Dia Nacional do Combate à Discriminação Racial
03/07,Dia do Juiz de Paz
04/07,Dia do Atendente de Telemarketing
04/07,Dia da Independência dos E.U.A.
04/07,Dia de Santa Isabel de Portugal
05/07,Dia da Independência da Venezuela
05/07,Dia do Biquíni
06/07,Dia de Santa Maria Goretti
06/07,Dia Estadual da Fauna (RJ)
06/07,National Air Traffic Control Day
07/07,Dia São Panteno
07/07,Dia Municipal do Taxista - SP
07/07,Dia Mundial do Chocolate
08/07,Dia do Padeiro
08/07,Dia Mundial da Alergia
08/07,Emancipação Política de Sergipe
08/07,Dia Nacional do Pesquisador
09/07,Dia da Juventude
09/07,Dia Internacional pelo Desarmamento
09/07,Dia da Revolução e do Soldado Constitucionalista em São Paulo
10/07,Dia Mundial da Lei
10/07,Dia da Pizza (SP)
10/07,Dia da Saúde Ocular
10/07,Dia do Engenheiro de Minas
11/07,Dia Mundial da População
11/07,Dia de São Bento
11/07,Dia Internacional do El Mojito
12/07,Dia do Engenheiro Florestal
12/07,Dia da Igreja Unida (SP)
12/07,Dia da Fitoterapia (SC)
12/07,Día de la Literatura Caribeña
13/07,Dia do Engenheiro Sanitarista
13/07,Dia Mundial do Rock
13/07,Dia Estadual do Conselho Tutelar (RJ)
13/07,Dia dos Atletas Masters (SP)
14/07,Dia Mundial da Liberdade
14/07,Dia Mundial dos Hospitais
14/07,Dia Nacional dos Povos Americanos
15/07,Dia Nacional dos Clubes
15/07,Dia Internacional do Homem
16/07,Dia de Nossa Senhora do Carmo
16/07,Dia Nacional do Comerciante
17/07,Dia de Proteção às Florestas
17/07,Dia do Submarinista
17/07,Dia Mundial do Emoji
17/07,Dia do Jornal Batista em 2022
18/07,Dia Nacional do Trovador
18/07,Dia Internacional Nelson Mandela
18/07,Dia de Luta Contra o Câncer de Mama (RS)
18/07,Dia dos Veteranos de Guerra
19/07,Dia da Caridade
19/07,Dia do Futebol
19/07,Dia dos Povos Oprimidos
19/07,Dia da Junta Comercial
20/07,Dia Internacional do Amigo
20/07,Dia do Amigo
20/07,Dia do Tatuador
20/07,Dia do Peão de Rodeio (GO)
20/07,International Chess Day
20/07,International Cake Day
21/07,Dia de São Lourenço de Brindisi
22/07,Dia de Santa Maria Madalena
22/07,Início da Semana da Agricultura
22/07,Dia Mundial do Cérebro
23/07,Dia do Guarda Rodoviário
23/07,Dia de Santa Brígida
24/07,Dia do Calouro
24/07,Dia de Santa Cristina
24/07,Dia Nacional do Suinocultor
25/07,Dia Nacional da Agricultura
25/07,Dia dos Viajantes
25/07,Dia Internacional da Mulher Negra
25/07,Dia Nacional de Tereza de Benguela e da Mulher Negra
25/07,Dia do Colono
25/07,Dia do Escritor
25/07,Dia de São Cristóvão
26/07,Dia dos Avós
26/07,Dia de Santana e São Joaquim
27/07,Dia do Motociclista
27/07,Dia Mundial de Combate ao Câncer de Cabeça e Pescoço
27/07,Dia da Pediatria
28/07,Dia do Agricultor
28/07,Dia Mundial de Luta contra as Hepatites Virais
29/07,Dia de Santa Marta
30/07,Dia de São Pedro Crisólogo
30/07,Día de los mártires de la Revolución (Cuba)
31/07,Dia de Santo Inácio de Loyola
31/07,Dia Mundial do Orgasmo
Agosto,Agosto
01/08,Dia Nacional do Selo Postal Brasileiro
01/08,Dia do Cerealista
01/08,Dia Estadual do Maracatu (PE)
02/08,Dia Universal do Folclore
02/08,Dia Estadual do Nordestino - SP
02/08,Dia de Santo Euzébio
03/08,Dia do Tintureiro
03/08,Dia do Quadro de Engenheiros Militares
03/08,Dia de Santa Lídia
04/08,Dia do Padre
04/08,Dia de São João Maria Vianney
05/08,Dia Nacional da Saúde
05/08,Dia da Cultura Caipira (SP)
05/08,Dia Nacional da Vigilância Sanitária
05/08,International Beer Day
06/08,Dia da Independência da Bolívia
07/08,Dia de São Caetano
07/08,Dia Estadual da Saúde Mental - RS
08/08,Dia Nacional do Combate ao Colesterol
08/08,Dia Estadual do Sindicalista - RJ
08/08,Dia de São Domingos
08/08,Dia Mundial do Pedestre
08/08,World Cat-Day ou Internation Cat-Day
09/08,Dia Internacional dos Povos Indígenas
09/08,Dia de São Fábio
09/08,Dia do Líder Comunitário (CE)
09/08,Dia Estadual da Mobilização pela Vida (MT)
09/08,Dia Distrital da Equoterapia (DF)
09/08,Dia de Ação Contra a Dengue (PR)
09/08,Dia da Família Paulista
09/08,Dia Internacional do Coworking
10/08,Dia de São Lourenço
11/08,Dia do Advogado
11/08,Dia da Consciência Nacional
11/08,Dia de Santa Clara de Assis
12/08,Dia Nacional das Artes
12/08,Dia do Presbiterianismo Nacional
13/08,Dia do Economista
13/08,Dia do Médico Psiquiatra
13/08,Dia Internacional dos Canhotos
14/08,Dia do Combate à Poluição
14/08,Dia de São Maximiliano Maria Kolbe
14/08,Dia do Cardiologista
14/08,Dia dos pais em 2022
15/08,Dia Mundial do Fotógrafo
15/08,Dia do Solteiro
15/08,Dia da Informática
15/08,Dia da Gestante
16/08,Aniversário da cidade de Teresina - PI
16/08,Dia do Filósofo
16/08,Debian Day
17/08,Dia do Patrimônio Histórico
18/08,Dia de Santa Helena
18/08,Dia Estadual da Siderurgia - MG
18/08,Dia Municipal do Motoqueiro - CE
18/08,Dia da Revolução Cultural
18/08,Dia do Estagiário
19/08,Dia do Artista de Teatro
19/08,Dia do Historiador
19/08,Dia Nacional do Ciclista
19/08,Dia Mundial da Fotografia
19/08,Dia Internacional da Ajuda Humanitária
20/08,Dia do Maçom
21/08,Dia do Favelado
21/08,Dia do São Pio X
22/08,Dia Nacional do Folclore
22/08,Dia da Nossa Senhora Rainha
22/08,Dia do Educador Especial
23/08,Dia do Aviador Naval
23/08,Dia de Luta Contra a Injustiça
23/08,Dia da Intendência
23/08,Dia de Santa Rosa de Lima
24/08,Dia dos Artistas
24/08,Dia Nacional da Comunidade Ucraniana
24/08,Dia da infância
25/08,Dia do Soldado
26/08,Dia da Declaração dos Direitos do Homem
26/08,Aniversário de Campo Grande - MS
27/08,Dia do Psicólogo
27/08,Dia Municipal da Limpeza Urbana - MG
27/08,Dia de Santa Mônica
27/08,Dia do Corretor de Imóveis
28/08,Dia Nacional dos Bancários
28/08,Dia de Santo Agostinho
28/08,Dia Estadual dos Bancários e Financiários (PI)
29/08,Dia Nacional do Combate ao Fumo
29/08,Dia do Gamer
29/08,Dia Nacional da Visibilidade Lésbica
29/08,Dia Internacional contra Testes Nucleares
30/08,Dia do Vendedor Lojista
30/08,Dia Internacional dos Desaparecidos
30/08,Dia Nacional de Conscientização da Esclerose Múltipla
31/08,Dia do Nutricionista
31/08,Dia Internacional do Blog
31/08,Dia das Estrelas do Oriente (SP)
Setembro,Setembro
01/09,Dia do Caixeiro Viajante
01/09,Dia de Santa Beatriz
01/09,Dia do Profissional de Educação Física
01/09,Dia Mundial de Oração pelo Cuidado pela Criação
02/09,Dia do Repórter Fotográfico e Cinematográfico
02/09,Dia do Florista
03/09,Dia do Biólogo
04/09,Dia do Serventuário
05/09,Dia do Oficial de Farmácia
05/09,Dia do Oficial de Justiça
05/09,Dia do Irmão
05/09,Dia da beata Teresa de Calcutá
05/09,Dia Internacional da Caridade
05/09,Dia dos Irmãos
05/09,Dia da Amazônia
06/09,Dia do Cabeleireiro (também comemorado em 19/01)
06/09,Dia do Sexo
06/09,Dia do Alfaiate
07/09,Dia da Pátria do Brasil
07/09,Dia de Santa Regina
07/09,Dia de São Clodoaldo
08/09,Dia Mundial da Alfabetização
08/09,Festa da Natividade de Nossa Senhora
08/09,Dia Nacional da Luta por Medicamentos
08/09,Dia Mundial da Fibrose Cística
08/09,Aniversário da cidade de São Luís do Maranhão
08/09,Dia da Virgen de la Caridad del Cobre
09/09,Dia do Administrador
09/09,Dia da Velocidade
09/09,Dia do Médico Veterinário
09/09,Dia do Técnico em Administração
09/09,Dia do Hot Dog
10/09,Dia do Gordo
10/09,Dia de Luta contra a Gordofobia
10/09,Dia Mundial de Prevenção ao Suicídio
10/09,Dia de São Nicolau de Tolentino
10/09,Dia Mundial dos Primeiros-Socorros em 2022
11/09,Dia do Árbitro Esportivo
11/09,Dia Nacional do Cerrado
11/09,Dia do Brigadeiro
11/09,Dia da Comunidade Gebelinense (SP) em 2022
11/09,Dia da Família Afro-Brasileira (SP) em 2022
11/09,Dia da Mulher Evangélica (MA) em 2022
11/09,Dia Estadual do Mecânico (SC) em 2022
11/09,Dia da Memória Pet em 2022
12/09,Dia Nacional da Recreação
12/09,Dia do trator
13/09,Dia Mundial do Agrônomo
13/09,Dia da Cachaça
13/09,Dia de São João Crisóstomo
13/09,Dia Mundial da Sepse
14/09,Dia da Exaltação da Santa Cruz
14/09,Dia do Frevo
14/09,Dia do Guarda Civil Metropolitano
14/09,Dia do Operador de Redes Telefônicas
14/09,Dia do Cavalo (RS)
14/09,Dia Mundial da Realidade Climática (Worldwide Climate Reality)
14/09,Dia Municipal da Longevidade Saudável (RJ)
14/09,Dia do Surf (SP)
14/09,Dia da Comunidade Muçulmana
14/09,Dia Estadual do Jiu-Jitsu (PA)
14/09,Dia Internacional da Capivara
15/09,Dia do Musicoterapeuta
15/09,Dia de Nossa Senhora das Dores
15/09,Dia do Cliente
15/09,Dia Mundial do Linfoma
16/09,Dia da Independência do México
16/09,Dia Nacional do Caminhoneiro
16/09,Emancipação Política de Alagoas
16/09,Dia Internacional para a Preservação da Camada de Ozônio
17/09,Dia da Compreensão Mundial
17/09,Dia Mundial de Limpeza do Litoral em 2022
18/09,Dia dos Símbolos Nacionais
18/09,Dia de São José de Cupertino
18/09,Início da Semana Nacional de Trânsito
19/09,Dia do Comprador
19/09,Dia do Ortopedista
19/09,Dia Estadual do Profissional Pedagogo (MT)
19/09,Dia Estadual do Chamamé (MS)
19/09,Dia da Agropecuária (PR)
19/09,Dia da Mobilização Social pela Educação (GO)
19/09,Dia do Adolescente (SP)
19/09,Dia do Educador Social (CE)
19/09,Dia Estadual dos Jovens Adventistas do Sétimo Dia (ES)
19/09,Dia de São Januário
20/09,Dia do Gaúcho
20/09,Dia da Revolução Farroupilha
20/09,Dia da Proclamação da República Rio-Grandense
20/09,Dia do Pombo da Paz
20/09,Dia do Funcionário Municipal
21/09,Dia da Árvore
21/09,Dia Internacional da Paz
21/09,Dia do Fazendeiro
21/09,Dia do Radialista
21/09,Dia de São Mateus Evangelista
21/09,Dia Nacional de Luta das Pessoas Deficientes
21/09,Dia Mundial da Doença de Alzheimer
21/09,Dia do Segurado do Município de Porto Alegre
21/09,Início da primavera no hemisfério sul
21/09,Início do outono no hemisfério norte
22/09,Dia Nacional da Defesa da Fauna
22/09,Dia Mundial Sem Carro (World Car Free Day)
22/09,Dia do Contador
22/09,Dia da Banana
22/09,Dia Nacional do Atleta Paraolímpico
22/09,Dia Mundial da Leucemia Mieloide Crônica
22/09,Dia de São Maurício
22/09,Dia dos Amantes
22/09,Dia Marítimo Mundial em 2022
23/09,Dia do Técnico Industrial
23/09,Dia do Técnico em Edificações
23/09,Dia de São Lino
23/09,Dia do Sorvete
23/09,Dia da Proclamação ao Mundo para a Família em São Paulo
23/09,Dia de São Pio de Pietrelcina
24/09,Dia do Soldador
24/09,Dia da Responsabilidade Social do Ensino Superior Particular em 2022
25/09,Dia do Rádio
25/09,Dia da Tia Solteirona
25/09,Dia de Luta contra a Ataxia Dominante em Porto Alegre
25/09,Dia do Auditor da Justiça Desportiva
25/09,Término da Semana Nacional de Trânsito
25/09,Dia Internacional do Farmacêutico
25/09,Dia Estadual de Prevenção e Enfrentamento ao Crack (BA)
25/09,Dia Mundial do coração em 2022
25/09,Dia Mundial do surdo em 2022
26/09,Dia do Policial
26/09,Dia Nacional do Surdo
26/09,Dia de São Cosme e São Damião
26/09,Dia Interamericano das Relações Públicas
27/09,Dia do Ancião
27/09,Dia Mundial do Turismo
27/09,Dia do Encanador e Instalador Hidráulico
27/09,Dia Nacional de Doação de Órgãos
28/09,Dia Nacional da Liberdade de Expressão
28/09,Dia Mundial de Combate à Raiva
28/09,Dia de São Venceslau
28/09,Dia do Hidrógrafo
28/09,Día de Lucha por la Despenalización del Aborto en América latina y el Caribe
28/09,Dia da Mãe Preta
29/09,Dia do Anunciante
29/09,Dia Mundial do Petróleo
29/09,"Dia dos Arcanjos - Miguel, Rafael e Gabriel"
30/09,Dia Nacional do Jornaleiro
30/09,Dia da Secretária
30/09,Dia do Tuberculoso
30/09,Dia do Churrasqueiro
30/09,Dia da Navegação
30/09,Dia Mundial do Tradutor
30/09,Dia de São Jerônimo
30/09,Dia dos Capelães da Marinha
30/09,Dia Internacional da Tradução
Outubro,Outubro
01/10,Dia Internacional das Pessoas Idosas
01/10,Dia do Agente Comercial
01/10,Dia Nacional de Doação de Leite Humano
01/10,Dia do Representante Comercial
01/10,Dia Nacional do Vereador
01/10,Dia de Santa Terezinha
01/10,Dia Mundial do Vendedor
01/10,Dia Mundial do Vegetarianismo
01/10,Dia Mundial da Música
01/10,Dia Nacional da China
02/10,Dia do Notário
02/10,Dia do Quadro Complementar de Oficiais do Exército
02/10,Dia Nacional do Habitat
02/10,Dia do Anjo da Guarda
02/10,Dia Internacional da Não-Violência
03/10,Dia das Abelhas
03/10,Dia do Petróleo Brasileiro
03/10,Dia Mundial do Dentista
03/10,Dia da Unidade Alemã
03/10,Dia Mundial do Habitat em 2022
04/10,Dia Mundial dos Animais
04/10,Dia da Natureza
04/10,Dia de São Francisco de Assis
04/10,Dia Nacional do Agente Comunitário de Saúde
04/10,Dia Universal da Anistia
04/10,Dia do Pantaneiro
04/10,Dia Internacional do Poeta
04/10,Dia do Barman
04/10,Dia do Cão
05/10,Dia Mundial da Habitação
05/10,Dia do Morador de Cortiço
05/10,Dia do Bóia-Fria
05/10,Dia da Micro e Pequena Empresa
06/10,Dia Nacional do Circulista
06/10,Dia do Tecnólogo
07/10,Dia Nacional do Compositor
07/10,Dia de Nossa Senhora do Rosário
08/10,Dia do Nordestino
08/10,Dia do Asfaltador
08/10,Dia pelo Direito a Vida
08/10,Dia do Nascituro
09/10,Dia do Profissional de Consórcio
09/10,Dia do Atletismo
09/10,Dia do Açougueiro
09/10,Círio de Nazaré em 2022
10/10,Dia da Honestidade
10/10,Dia Mundial do Lions Clube
10/10,Dia Mundial da Saúde Mental
10/10,Dia dos Inativos da Marinha
11/10,Dia do Deficiente Físico
11/10,Dia Internacional da Prevenção à Obesidade
11/10,Dia Internacional da Menina
11/10,Dia Municipal de Luta por Creches em Porto Alegre - RS
12/10,Dia de Nossa Senhora Aparecida
12/10,Dia da Criança
12/10,Dia Nacional de Luta por Creches
12/10,Dia Nacional da Leitura
12/10,Dia dos Corretores de Seguro
12/10,Dia do Engenheiro Agrônomo
12/10,Dia Batista de Evangelismo Pessoal
12/10,Dia Nacional do Lobo-Guará
12/10,Día Continental de la Descolonización
12/10,Día de la Hispanidad
12/10,Festa de Nossa Senhora dos Remédios (PB)
12/10,Dia da Mobilização pela Despoluição das Águas do Rio Tietê (SP)
12/10,Dia da Normalista e do Normalista (RJ) em 2022
12/10,Emergency Nurse's Day em 2022
13/10,Dia Nacional do Dinheiro
13/10,Dia de Santo Eduardo
13/10,Dia do Terapeuta Ocupacional
13/10,Dia do Fisioterapeuta
14/10,Dia Nacional da Pecuária
14/10,Dia do Jiu-Jitsu em São Paulo
14/10,National Dessert Day (EUA)
14/10,Dia Mundial da Padronização (World Standards Day)
14/10,Día de la Integración Centroamericana
14/10,Dia Mundial do Ovo em 2022
15/10,Dia do Professor
15/10,Dia Mundial de Lavar as Mãos
15/10,Dia de Santa Teresa d`Ávila
15/10,Dia do Educador Ambiental
15/10,Dia Nacional de Combate à Sífilis em 2022
15/10,Vídeos Caseiros ('Home Movie Day') em 2022
16/10,Dia do Anestesista
16/10,Dia Mundial da Alimentação
16/10,Dia Mundial do Pão
16/10,Dia da Ciência e da Tecnologia
16/10,Dia de Santa Edwiges
17/10,Dia do Eletricista
17/10,Dia da Apicultura
17/10,Dia Internacional para a Erradicação da Pobreza
17/10,Dia do Profissional de Propaganda
17/10,Dia Nacional da Música Popular Brasileira
17/10,Dia da Indústria Aeronáutica Brasileira
17/10,Dia do maquinista - Marinha
18/10,Dia do Médico
18/10,Dia de São Lucas
18/10,Dia do Estivador
19/10,Dia Mundial de Combate ao Câncer de Mama
19/10,Dia do Guarda-Noturno
19/10,Dia de São Paulo da Cruz
19/10,Dia do Piauí
19/10,Dia do Coralista (SC)
19/10,Dia Estadual de Combate ao Crack (ES)
19/10,Dia do Profissional de Informática
20/10,Dia do Poeta
20/10,Dia Internacional do Controlador de Tráfego Aéreo
20/10,Dia Internacional do Arquivista
20/10,Dia do Maquinista Ferroviário
20/10,Dia Mundial de Combate ao Bullying
20/10,Dia Mundial e Nacional da Osteoporose
21/10,Dia da Alimentação na Escola
21/10,Dia do Lixeiro
21/10,Dia do Ecumenismo
21/10,Dia do Contato Publicitário
22/10,Dia da Praça
22/10,Dia do Paraquedista
22/10,Dia Nacional do Enólogo
22/10,Dia de São João Paulo II
23/10,Dia Nacional do Aviador
23/10,Dia da Segurança (PR)
23/10,Dia Estadual do Desarmamento (ES)
23/10,Dia Estadual da Leitura (PE)
23/10,Dia do Aposentado do Banco Central
23/10,Dia da Comunidade Húngara (SP)
23/10,Dia da Aerofilatelia
23/10,Dia do Passeio Ciclístico Ecológico (SP) em 2022
24/10,Dia Mundial do Desenvolvimento
24/10,Aniversário da Cidade de Goiânia
24/10,Aniversário da Cidade de Manaus
24/10,"Dia das Nações Unidas, ou Dia da ONU"
24/10,Dia Mundial de Combate à Poliomielite
24/10,Dia Internacional das Missões
24/10,Dia Internacional da Biblioteca Escolar em 2022
25/10,Dia da Democracia
25/10,Dia do Dentista
25/10,Dia do Cirurgião-dentista
25/10,Dia Nacional de Saúde Bucal
25/10,Dia da Construção Civil
25/10,Dia do Sapateiro
25/10,Dia Mundial do Macarrão
25/10,Dia Mundial da Temperança
25/10,Dia de São Frei Galvão
26/10,Dia do Trabalhador da Construção Civil
26/10,Dia Oficial do Músico
26/10,Dia de Santo Evaristo
27/10,Dia Mundial de Oração pela Paz
27/10,World Occupational Therapy Day
27/10,Dia Nacional de Mobilização Pró-saúde da População Negra
27/10,Dia Mundial do Patrimônio Audiovisual
27/10,Dia Estadual do Artista Plástico (MT)
27/10,Dia Estadual de Prevenção de Câncer de Colo Uterino (PE)
28/10,Dia do Funcionário Público
28/10,Dia da Engenharia da Aeronáutica
28/10,Dia Mundial do Judô
28/10,Dia de São Judas Tadeu
28/10,Dia Internacional da Animação
29/10,Dia Nacional do Livro
29/10,Dia das Flores
29/10,Dia Nacional de Combate à Psoríase
29/10,Dia Mundial do Acidente Vascular Cerebral
30/10,Dia do Protestante
30/10,Dia do Comerciário
30/10,Dia da Decoração
30/10,Dia Nacional de Luta Contra o Reumatismo
30/10,Dia Nacional do Ginecologista e Obstetra
30/10,Dia do Atentendente dos Correios
30/10,Dia do Balconista
30/10,Dia do Material Bélico do Exército Brasileiro
31/10,Dia da Dona de Casa
31/10,Halloween - Dia das Bruxas
31/10,Dia Mundial da Economia
31/10,Dia Mundial da Poupança
31/10,Dia do Repórter Policial
31/10,Dia D – Dia Drummond
31/10,Dia Mundial do Comissário de Voo
31/10,Dia Nacional da Proclamação do Evangelho
31/10,Dia da Reforma Luterana
Novembro,Novembro
01/11,Dia de Todos os Santos
01/11,Dia de São Benigno
01/11,Dia Mundial Vegano
01/11,Dia do Frevo de Bloco (PE)
01/11,Dia do Sepultador (SP)
01/11,Dia do Colecionador Capixaba
01/11,Dia do Romeiro (CE)
01/11,National Cook For Your Pets Day (EUA)
02/11,Dia de Finados
02/11,Dia Mundial pelo Fim da Impunidade dos Crimes contra Jornalistas
03/11,Dia da Censura
03/11,Dia do Guarda-florestal
03/11,Dia do Profissional da Beleza (RJ)
03/11,Dia da Solidariedade (SP)
03/11,Dia da Cidadania (RS)
03/11,International Day for Biosphere Reserves
04/11,Dia da União dos Escoteiros do Brasil
04/11,Dia do Oficial da Reserva R/2
04/11,Dia de São Carlos Borromeu
05/11,Dia da Ciência
05/11,Dia Nacional da Cultura
05/11,Dia do Design
05/11,Dia do Técnico Agrícola
05/11,Dia Mundial do Inventor
05/11,Dia do Protético
05/11,Dia Nacional do Radioamador
05/11,Dia do Técnico em Eletrônica
05/11,Dia do Corpo de Saúde da Marinha
05/11,Dia do Escrivão de Polícia
06/11,Dia de São Teófilo Venard
06/11,Dia Nacional do Amigo da Marinha
07/11,Dia da Ação Católica
07/11,Dia Estadual do Radialista (MS)
07/11,Dia Nacional de Luta Pela Regularização Fundiária
07/11,Dia Batista de Oração Mundial em 2022
08/11,Dia Mundial do Urbanismo
08/11,Dia do Radiologista
09/11,Dia Nacional do Hoteleiro
09/11,Dia Estadual da Mamografia (MT)
09/11,Dia Internacional contra o Fascismo e o Anti-Semitismo
09/11,Carl Sagan Day
10/11,Dia Nacional da Nota Fiscal
10/11,Dia Nacional do Doente Auditivo
10/11,Dia da Esquadra
10/11,Dia Internacional da Qualidade em 2022
11/11,Dia Nacional do Supermercado
11/11,Dia do Procurador do Estado de Goiás
11/11,Dia dos Veteranos (EUA)
11/11,Dia do Armistício
11/11,Dia das Cataratas do Iguaçu
12/11,Dia do Diretor de Escola
12/11,Dia das Federações Esportivas (SP)
12/11,Dia do Caju (CE)
12/11,Dia Estadual do Profissional de Psicopedagogia (GO)
12/11,Dia do Laçador (MS)
12/11,Dia da Liberdade (MG)
12/11,Dia Mundial do Hip Hop
13/11,Dia de Santo Estanislau Kostka
13/11,Dia Mundial da Gentileza
14/11,Dia Nacional da Alfabetização
14/11,Dia Mundial da Diabetes
14/11,Dia do Bandeirante
15/11,Dia da República Federativa do Brasil
15/11,Dia do Joalheiro
15/11,Dia Nacional da Umbanda
15/11,America Recycles Day
16/11,Dia Internacional da Tolerância
16/11,Dia Internacional do Patrimônio Mundial
16/11,Dia Nacional de Atenção à Dislexia
16/11,Dia do Policial Federal
16/11,Dia da Tradição Oral
16/11,Dia Nacional dos Ostomizados
16/11,Dia Nacional da Amazônia Azul
16/11,Dia Mundial de Combate à Doença Pulmonar Obstrutiva em 2022
17/11,Dia da Criatividade
17/11,Dia Internacional do Estudante
17/11,Dia Nacional de Combate à Tuberculose
17/11,Dia do Flamengo (RJ)
18/11,Dia de Santo Edmundo
18/11,Dia do Barroco Mineiro
18/11,Dia do Líder Comunitário (RJ)
18/11,Dia do Conselheiro Tutelar
18/11,Dia Nacional de Combate ao Racismo
19/11,Dia da Bandeira Nacional
19/11,Dia Internacional do Xadrez
19/11,Dia Mundial do Empreendedorismo Feminino
20/11,Dia do Auditor Interno
20/11,Dia do Biomédico
20/11,Dia do Músico Evangélico
20/11,Dia do Profissional Liberal Universitário
20/11,Dia Nacional da Consciência Negra
20/11,Dia do Empoderamento do Cabelo Crespo (Salvador - BA)
20/11,Dia Internacional da Infância
20/11,Dia Mundial em Memória das Vítimas de Trânsito em 2022
21/11,Dia do Homeopata
21/11,Dia Mundial da Televisão
21/11,Dia do Parlamentar Fluminense
21/11,Dia das Saudações
22/11,Dia Universal da Música (homenagem à Santa Cecília)
22/11,Dia de Santa Cecília
22/11,Dia da Comunidade Libanesa no Brasil
23/11,Dia de São Clemente
23/11,Dia Nacional de Combate ao Câncer Infantil
23/11,Dia da Capoeira (RJ)
23/11,Dia Mundial da Aquarela
24/11,Dia Nacional dos Rios
24/11,Dia do Rio Beberibe (PE)
24/11,Dia do Quadro Auxiliar de Oficiais do Exército
24/11,Dia Nacional de Ação de Graças em 2022
25/11,Dia Universal do Doador de Sangue
25/11,Dia da Baiana do Acarajé - BA
25/11,Dia Internacional para a Eliminação da Violência Contra as Mulheres
25/11,Dia Nacional do Doador de Sangue
26/11,Dia do Ministério Público
26/11,Dia do Corpo Auxiliar da Marinha
26/11,Dia do Mototaxista (PB)
26/11,Dia do Balconista de Autopeças (SP)
26/11,Dia da Melancia
27/11,Dia do Técnico de Segurança do Trabalho
27/11,Dia da Afirmação Democrática
27/11,Dia de Santa Catarina Labouré
27/11,Dia Nacional de Combate ao Câncer
27/11,Dia da medalha milagrosa de Nossa Senhora das Graças
27/11,Dia de São João Crisóstomo
27/11,Dia do Ministro de Música Batista em 2022
28/11,Dia do Soldado Desconhecido
28/11,Dia Internacional do Ministério Público
28/11,Dia de São Tiago de Marca
29/11,Dia de São Saturnino
29/11,Dia Internacional de Solidariedade com o Povo Palestino
29/11,Dia da Criança Prematura (RJ)
30/11,Dia do Síndico
30/11,Dia do Estatuto da Terra
30/11,Dia da Reforma Agrária
30/11,Dia do Teólogo
30/11,Dia de Santo André
Dezembro,Dezembro
01/12,Dia Internacional de Combate à AIDS
01/12,Dia Estadual de Repressão ao Tráfico de Animais Silvestres (RJ)
01/12,Dia do Numismata
01/12,Dia de Santo Elói
01/12,Dia de Santo Elígio
02/12,Dia Nacional de Astronomia
02/12,Dia Panamericano da Saúde
02/12,Dia do Advogado Criminalista
02/12,Dia Nacional do Samba
02/12,Dia Nacional das Relações Públicas
02/12,Dia do Serviço de Saúde da Aeronáutica
02/12,Dia Internacional para a Abolição da Escravidão
03/12,Dia de São Francisco Xavier
03/12,Dia Internacional de Luta dos Portadores de Deficiência
03/12,Dia do Selecionador de Pessoal
03/12,Dia Nacional de Combate à Pirataria
03/12,Dia do Delegado de Polícia (DF)
03/12,Dia da Medicina Latinoamericana
04/12,Dia do Orientador Escolar
04/12,Dia do Podólogo
04/12,Dia Mundial da Propaganda
04/12,Dia do Orientador Educacional
04/12,Dia do Perito Criminal Oficial
04/12,Dia do Trabalhador em Minas de Carvão
04/12,Dia de Santa Bárbara
04/12,Dia de São João Damasceno
04/12,Dia Internacional da Câmara Júnior
05/12,Dia da Cruz Vermelha Brasileira
05/12,Dia do Médico de Saúde da Família e Comunidade
05/12,Dia Internacional dos Voluntários para o Desenvolvimento Econômico e Social
05/12,Dia Internacional do Solo
06/12,Dia de São Nicolau
06/12,Dia do Madeireiro
06/12,Dia da Extensão Rural
07/12,Dia Internacional da Aviação Civil
07/12,Dia Nacional da Assistência Social
07/12,Dia Nacional da Silvicultura
07/12,Dia Estadual do Oficial de Justiça (RS)
07/12,National Cotton Candy Day
08/12,Dia Internacional da Justiça
08/12,Dia do Cronista Esportivo
08/12,Dia Nacional da Família
08/12,Dia da Mulata
08/12,Dia da Imaculada Conceição
09/12,Dia do Fonoaudiólogo
09/12,Dia do Alcoólico Recuperado
09/12,Dia Internacional Contra a Corrupção
09/12,Dia do Profissional de Culinária
09/12,Dia de Santa Leocádia
10/12,Dia do Palhaço
10/12,Dia Estadual do Previdenciário - SP
10/12,Dia de São Melquíades
10/12,Dia Internacional dos Direitos Humanos
11/12,Dia do Agrimensor
11/12,Dia da Infantaria da Aeronáutica
11/12,Dia do Engenheiro
11/12,Dia do Evangelho
11/12,Dia do Tango
11/12,Dia Internacional das Montanhas
11/12,Dia de São Dâmaso
11/12,Dia Mundial do Canto Coral em 2022
11/12,Dia da Bíblia em 2022
12/12,Dia de Nossa Senhora de Guadalupe
12/12,Aniversário da Cidade de Belo Horizonte
12/12,Dia do Plano Nacional de Educação
13/12,Dia do Avaliador
13/12,Dia do Cego
13/12,Dia do Marinheiro
13/12,Dia do Lapidador
13/12,Dia Estadual do Sanfoneiro - PE
13/12,Dia Nacional do Forró
13/12,Dia do Pedreiro
13/12,Dia de Santa Luzia
14/12,Dia Nacional da Ópera
14/12,Dia do Engenheiro de Pesca
14/12,Dia de São João da Cruz
15/12,Dia do Jardineiro
15/12,Dia do Jornaleiro
15/12,Dia do Esperanto
15/12,Dia Nacional do Arquiteto e Urbanista
15/12,Dia da Mulher Profissional de Direito
16/12,Dia do Teatro Amador
16/12,Dia do Reservista
16/12,Dia de Santa Adelaide
16/12,Dia de São José Moscati
17/12,Dia de São Lázaro
17/12,Dia do Presbiteriano
17/12,Dia de Santa Olímpia
18/12,Dia Internacional do Imigrante
18/12,Dia do Museólogo
18/12,Dia da Bailarina (SP)
19/12,Dia do Aniversário do Estado do Paraná
19/12,Dia Estadual da Poesia (MT)
19/12,Dia de Santo Urbano V
20/12,Dia da Bondade
20/12,Dia do Mecânico
21/12,Dia do Artista Profissional
21/12,Dia de São Pedro Canísio
21/12,Início do verão no hemisfério sul
21/12,Início do inverno no hemisfério norte
21/12,Dia do Gestor Imobiliário (RJ)
22/12,Dia da Consciência Ecológica
22/12,Dia de Santa Francisca Xavier Cabrini
23/12,Dia do Vizinho
23/12,Dia do Atleta Amador
23/12,Dia da Carteira de Habilitação
23/12,Dia de São João Câncio
24/12,Dia Nacional do Órfão
24/12,Dia Universal do Perdão
24/12,Dia de São Charbel Makhlouf
25/12,Dia de Natal
25/12,Dia Estadual da Parteira Tradicional (PA)
26/12,Dia da Lembrança
26/12,Dia de Santo Estevão
26/12,Dia do Pedreiro (SP)
27/12,Dia de São João Apóstolo
28/12,Dia da Marinha Mercante
28/12,Dia do Salva-Vidas
28/12,Dia Nacional do Cooperativismo de Crédito
28/12,Dia dos Santos Inocentes
29/12,Dia de Santo Tomás Becket
30/12,Dia de São Sabino
31/12,Dia da Esperança
31/12,Dia de São Silvestre
